no.,ID
1,201310264
2,201210117
3,201110442
4,201410110
5,201310011
6,201310??3
7,201310074
8,201210340
9,201310042
10,201310370
11,201?1033?
12,201310382
13,201310373
14,201310399
15,201310375
16,201310339
17,201310376
18,201310347
19,201310410
20,201210190
21,201413009
22,201410386
23,201410356
24,201310065
25,201110081
26,201210066
27,201310088
28,201210086
29,201010022
30,201311263
31,201311318
32,201410285
33,201210407
34,201310050
35,201410088
36,200910084
37,201310401
38,20111900?
39,201410335
40,201311721
41,201112067
42,201310392
43,201210393
44,201210404
45,201310390
46,200910301
47,201310335
